City_ID,City,Country,Lat,Lng,Max Temp,Humidity,Cloudiness,Wind Speed,Current Description
0,Lagoa,PT,39.05,-27.9833,63.86,92,73,3.04,broken clouds
1,Shatrovo,RU,56.5167,64.6333,51.03,89,100,12.12,overcast clouds
2,Cape Town,ZA,-33.9258,18.4232,62.28,71,20,6.91,few clouds
3,Port Alfred,ZA,-33.5906,26.891,59.18,88,78,1.99,broken clouds
4,Acapulco,MX,16.8634,-99.8901,82.22,65,40,4.61,scattered clouds
5,Naze,JP,28.3667,129.4833,67.12,84,67,10.96,broken clouds
6,Rikitea,PF,-23.1203,-134.9692,74.71,74,11,6.33,few clouds
7,Wagar,SD,16.1525,36.2032,103.8,13,59,2.86,broken clouds
8,Chegdomyn,RU,51.1167,133.0167,43.03,97,99,2.08,overcast clouds
9,Andros Town,BS,24.7,-77.7667,85.96,80,75,17.47,broken clouds
10,Vaini,TO,-21.2,-175.2,71.76,94,40,3.44,scattered clouds
11,Cherskiy,RU,68.75,161.3,47.8,63,94,10.13,overcast clouds
12,Busselton,AU,-33.65,115.3333,60.78,71,4,9.35,clear sky
13,Saskylakh,RU,71.9167,114.0833,27.73,98,100,6.49,overcast clouds
14,Hobart,AU,-42.8794,147.3294,42.66,92,100,8.05,mist
15,Ospitaletto,IT,45.1333,10.6,88.99,53,28,3.0,scattered clouds
16,Surt,LY,31.2089,16.5887,69.39,51,0,9.35,clear sky
17,Ushuaia,AR,-54.8,-68.3,42.46,70,75,16.11,broken clouds
18,Port Hardy,CA,50.6996,-127.4199,46.58,93,100,6.91,overcast clouds
19,Kapaa,US,22.0752,-159.319,75.18,99,100,3.44,overcast clouds
20,Kakonko,TZ,-3.2828,30.9642,69.4,70,100,2.28,overcast clouds
21,Lazaro Cardenas,MX,17.9583,-102.2,80.58,68,97,4.88,overcast clouds
22,College,US,64.8569,-147.8028,55.9,50,40,3.44,scattered clouds
23,Puerto Lopez,CO,4.0845,-72.956,82.85,73,60,1.77,broken clouds
24,Chuy,UY,-33.6971,-53.4616,61.45,57,94,8.23,overcast clouds
25,Dikson,RU,73.5069,80.5464,27.9,92,100,8.95,overcast clouds
26,Mount Gambier,AU,-37.8333,140.7667,46.04,95,11,5.57,few clouds
27,Mahebourg,MU,-20.4081,57.7,75.49,78,40,11.5,scattered clouds
28,Lufilufi,WS,-13.8745,-171.5986,74.98,79,43,12.37,light rain
29,Ilorin,NG,8.5,4.55,85.62,59,77,8.5,light rain
30,Denpasar,ID,-8.65,115.2167,80.26,94,20,3.44,few clouds
31,Ancud,CL,-41.8697,-73.8203,53.87,92,100,22.84,light rain
32,Challapata,BO,-18.9,-66.7667,50.61,17,100,5.91,overcast clouds
33,Ponta Delgada,PT,37.7333,-25.6667,66.92,94,75,10.36,broken clouds
34,Honningsvag,NO,70.9821,25.9704,44.35,76,100,14.97,overcast clouds
35,Sadovo,BG,42.1333,24.9333,82.96,32,2,9.22,clear sky
36,Atuona,PF,-9.8,-139.0333,77.14,76,22,9.98,few clouds
37,Kodiak,US,57.79,-152.4072,45.91,81,100,21.85,overcast clouds
38,Tasiilaq,GL,65.6145,-37.6368,41.16,71,26,1.36,scattered clouds
39,Carnarvon,AU,-24.8667,113.6333,71.74,61,50,4.07,scattered clouds
40,Rawson,AR,-43.3002,-65.1023,59.54,42,91,13.53,overcast clouds
41,Luderitz,NA,-26.6481,15.1594,61.56,54,21,25.66,few clouds
42,Jamestown,US,42.097,-79.2353,82.02,68,100,11.5,overcast clouds
43,Srednekolymsk,RU,67.45,153.6833,49.6,52,89,4.36,overcast clouds
44,Hilo,US,19.7297,-155.09,82.27,86,100,4.61,overcast clouds
45,Yumen,CN,40.2833,97.2,68.38,29,1,21.83,clear sky
46,Mataura,NZ,-46.1927,168.8643,43.63,97,100,8.95,moderate rain
47,Prainha,BR,-1.8,-53.48,82.04,67,43,3.42,scattered clouds
48,Bethel,US,41.3712,-73.414,85.87,73,0,4.61,clear sky
49,Chumikan,RU,54.7183,135.315,31.91,99,100,1.57,light snow
50,Morondava,MG,-20.2833,44.2833,77.88,72,39,7.49,scattered clouds
51,Punta Arenas,CL,-53.15,-70.9167,41.11,81,0,14.97,clear sky
52,Hithadhoo,MV,-0.6,73.0833,83.79,68,92,8.41,overcast clouds
53,Khatanga,RU,71.9667,102.5,37.42,94,100,7.72,overcast clouds
54,Pasighat,IN,28.0667,95.3333,73.54,93,98,3.83,overcast clouds
55,Saldanha,ZA,-33.0117,17.9442,59.05,74,16,10.76,few clouds
56,Merauke,ID,-8.4667,140.3333,77.72,87,19,11.86,few clouds
57,Pasni,PK,25.2631,63.471,82.38,89,0,13.8,clear sky
58,Snyder,US,32.7179,-100.9176,69.31,28,0,17.27,clear sky
59,Vardo,NO,70.3705,31.1107,39.18,81,100,23.02,overcast clouds
60,Bilma,NE,18.6853,12.9164,101.1,8,37,4.61,scattered clouds
61,Norman Wells,CA,65.282,-126.8329,42.84,93,100,16.11,light rain
62,Bredasdorp,ZA,-34.5322,20.0403,57.42,72,66,7.49,broken clouds
63,San Carlos De Bariloche,AR,-41.1456,-71.3082,51.55,58,40,29.93,scattered clouds
64,Qaanaaq,GL,77.484,-69.3632,19.04,87,100,3.85,overcast clouds
65,Papara,BR,-3.9839,-38.7273,85.96,73,29,6.46,scattered clouds
66,Yellowknife,CA,62.456,-114.3525,52.32,43,75,4.61,broken clouds
67,Dunedin,NZ,-45.8742,170.5036,46.8,73,96,11.01,overcast clouds
68,Fort Nelson,CA,58.8053,-122.7002,45.99,42,40,5.75,scattered clouds
69,Halifax,CA,44.6453,-63.5724,64.53,52,7,11.01,clear sky
70,Victoria,HK,22.2855,114.1577,81.18,81,82,13.0,broken clouds
71,Aksu,CN,41.1231,80.2644,77.23,26,100,13.2,overcast clouds
72,Luau,AO,-10.7073,22.2247,74.23,40,84,2.15,broken clouds
73,Shache,CN,38.4167,77.2406,67.26,47,99,21.47,overcast clouds
74,Hay River,CA,60.8156,-115.7999,49.98,46,75,3.44,broken clouds
75,Bubaque,GW,11.2833,-15.8333,78.82,78,87,13.38,overcast clouds
76,Saint-Philippe,RE,-21.3585,55.7679,74.79,82,46,12.91,light rain
77,Hamilton,US,39.1834,-84.5333,85.6,70,0,14.97,clear sky
78,Palmer,US,42.1584,-72.3287,80.58,69,75,4.61,broken clouds
79,Henties Bay,NA,-22.116,14.2845,59.56,64,26,13.22,scattered clouds
80,Brae,GB,60.3964,-1.353,53.17,72,60,15.55,broken clouds
81,Muyezerskiy,RU,63.9333,31.65,49.84,42,90,7.94,overcast clouds
82,Newport,GB,51.5877,-2.9984,66.11,58,84,11.3,broken clouds
83,Smithers,CA,54.7804,-127.1743,44.92,61,0,3.44,clear sky
84,Port Keats,AU,-14.25,129.55,77.95,40,1,12.59,clear sky
85,Albany,US,42.6001,-73.9662,86.18,71,64,4.07,broken clouds
86,Severo-Kurilsk,RU,50.6789,156.125,41.25,98,100,2.19,overcast clouds
87,Saint Anthony,US,45.0205,-93.218,53.38,54,75,11.5,broken clouds
88,Puerto Ayora,EC,-0.7393,-90.3518,75.16,88,72,7.0,broken clouds
89,Tabas,IR,33.5959,56.9244,80.83,24,6,19.82,clear sky
90,Port Macquarie,AU,-31.4333,152.9167,58.89,94,75,5.75,light rain
91,Ponta Do Sol,PT,32.6667,-17.1,74.03,75,74,1.7,broken clouds
92,Praia,CV,14.9215,-23.5087,81.14,50,20,18.41,few clouds
93,Necochea,AR,-38.5473,-58.7368,59.77,57,0,11.34,clear sky
94,Provideniya,RU,64.3833,-173.3,41.85,67,83,12.03,broken clouds
95,Ribeira Grande,PT,38.5167,-28.7,64.8,100,100,8.05,fog
96,Pangai,TO,-19.8,-174.35,77.63,81,99,15.64,overcast clouds
97,Goderich,CA,43.7501,-81.7165,55.72,88,100,4.61,moderate rain
98,Upernavik,GL,72.7868,-56.1549,27.34,81,100,11.56,overcast clouds
99,Abu Dhabi,AE,24.4667,54.3667,89.62,65,0,9.22,clear sky
100,Killybegs,IE,54.6333,-8.45,60.51,76,100,9.06,overcast clouds
101,Sola,VU,-13.8833,167.55,80.29,78,20,4.83,few clouds
102,Dalvik,IS,65.9702,-18.5286,42.73,93,97,10.11,overcast clouds
103,Yar-Sale,RU,66.8333,70.8333,32.29,79,68,15.88,broken clouds
104,Cehegin,ES,38.0924,-1.7985,87.13,19,100,12.17,overcast clouds
105,Hjelset,NO,62.7833,7.4833,50.97,87,75,9.22,light intensity shower rain
106,Salalah,OM,17.0151,54.0924,86.09,74,75,11.5,broken clouds
107,Ewa Beach,US,21.3156,-158.0072,75.4,87,75,3.44,broken clouds
108,Pafos,CY,34.7667,32.4167,81.23,57,0,6.91,clear sky
109,Pisco,PE,-13.7,-76.2167,66.25,82,40,9.22,mist
110,Poykovskiy,RU,61.2333,73.3333,43.09,81,0,6.71,clear sky
111,Ovsyanka,RU,55.9575,92.5519,63.57,52,100,3.29,overcast clouds
112,Avarua,CK,-21.2078,-159.775,73.45,83,40,3.44,scattered clouds
113,Strezhevoy,RU,60.7333,77.5889,46.06,77,58,6.64,broken clouds
114,Bambous Virieux,MU,-20.3428,57.7575,75.45,78,40,11.5,scattered clouds
115,Longyearbyen,SJ,78.2186,15.6401,37.24,70,75,10.36,broken clouds
116,Butaritari,KI,3.0707,172.7902,80.42,80,50,10.85,scattered clouds
117,Gornopravdinsk,RU,60.05,69.9,47.14,80,95,7.49,light rain
118,Hermanus,ZA,-34.4187,19.2345,56.8,73,35,8.37,scattered clouds
119,Kirillov,RU,59.863,38.3813,44.42,49,97,6.98,overcast clouds
120,Weatherford,US,32.7593,-97.7972,87.96,68,56,11.18,broken clouds
121,Bluff,NZ,-46.6,168.3333,50.27,87,100,29.35,light rain
122,Tecoanapa,MX,16.5167,-98.75,83.21,57,68,5.55,broken clouds
123,Amahai,ID,-3.3333,128.9167,78.93,80,69,3.42,broken clouds
124,Klaksvik,FO,62.2266,-6.589,50.92,87,95,15.77,overcast clouds
125,Imbituba,BR,-28.24,-48.6703,66.09,77,0,5.99,clear sky
126,Vila Velha,BR,-20.3297,-40.2925,76.95,57,20,17.27,few clouds
127,Adrar,MR,20.5022,-10.0711,106.84,6,1,4.65,clear sky
128,Nantucket,US,41.2835,-70.0995,66.31,88,100,10.36,mist
129,Tuktoyaktuk,CA,69.4541,-133.0374,28.4,80,100,6.91,overcast clouds
130,Wawa,NG,9.9022,4.4192,95.47,34,60,5.08,broken clouds
131,Tigil,RU,57.8,158.6667,41.16,90,100,5.55,overcast clouds
132,Tahoua,NE,14.8888,5.2692,103.98,11,72,3.44,dust
133,Grindavik,IS,63.8424,-22.4338,55.35,66,20,25.32,few clouds
134,Stranraer,GB,54.9023,-5.0273,52.99,83,88,12.95,overcast clouds
135,Margate,GB,51.3813,1.3862,65.88,62,84,5.99,broken clouds
136,Padang,ID,-0.9492,100.3543,78.76,88,86,2.82,overcast clouds
137,Bentiu,SS,9.2333,29.8333,89.24,47,100,7.16,overcast clouds
138,Tailai,CN,46.3833,123.4,56.44,67,19,6.24,few clouds
139,Lima,PE,-12.0432,-77.0282,61.05,82,100,11.5,mist
140,Barrow,US,71.2906,-156.7887,21.22,93,100,10.36,overcast clouds
141,Castro,BR,-24.7911,-50.0119,63.54,39,3,2.35,clear sky
142,Tuatapere,NZ,-46.1333,167.6833,46.78,92,100,13.76,light rain
143,Faanui,PF,-16.4833,-151.75,79.27,75,16,10.4,light rain
144,Garca,BR,-22.2106,-49.6561,67.39,36,3,6.04,clear sky
145,Umm Lajj,SA,25.0213,37.2685,84.72,54,0,6.71,clear sky
146,Kaitangata,NZ,-46.2817,169.8464,44.89,92,99,12.88,light rain
147,Nanortalik,GL,60.1432,-45.2371,39.88,80,16,7.11,few clouds
148,Saint George,US,37.1041,-113.5841,66.63,17,0,4.61,clear sky
149,Ostrovnoy,RU,68.0531,39.5131,32.67,64,17,10.49,few clouds
150,Vao,NC,-22.6667,167.4833,72.66,91,100,28.07,overcast clouds
151,Mar Del Plata,AR,-38.0023,-57.5575,65.95,52,0,6.91,clear sky
152,Tautira,PF,-17.7333,-149.15,79.16,73,18,11.83,light rain
153,Bull Savanna,JM,17.8868,-77.5902,83.59,61,76,21.12,broken clouds
154,Bud,US,39.447,-86.1758,80.82,66,100,7.92,overcast clouds
155,Sudova Vyshnya,UA,49.7889,23.3722,63.41,61,4,19.44,clear sky
156,Leningradskiy,RU,69.3833,178.4167,30.22,98,97,9.15,overcast clouds
157,Bairiki,KI,1.3292,172.9752,80.6,83,20,5.75,few clouds
158,Nome,US,64.5011,-165.4064,59.07,33,40,11.5,scattered clouds
159,Bengkulu,ID,-3.8004,102.2655,77.74,85,99,2.3,overcast clouds
160,Barcelos,PT,41.5388,-8.6151,75.85,54,100,5.53,overcast clouds
161,Charters Towers,AU,-20.1,146.2667,61.93,87,57,10.4,broken clouds
162,Codajas,BR,-3.8367,-62.0569,86.14,53,44,3.58,scattered clouds
163,Lulea,SE,65.5842,22.1547,53.67,50,0,9.22,clear sky
164,Esperance,AU,-33.8667,121.9,63.84,66,82,12.21,broken clouds
165,Rongcheng,CN,30.634,117.8517,67.12,67,100,3.69,overcast clouds
166,Paamiut,GL,61.994,-49.6678,36.63,77,64,10.2,broken clouds
167,Erzin,TR,36.9559,36.2,76.55,37,50,1.61,scattered clouds
168,Launceston,AU,-41.45,147.1667,44.24,94,100,4.61,overcast clouds
169,Tiarei,PF,-17.5333,-149.3333,73.42,72,12,10.16,light rain
170,Kingaroy,AU,-26.5333,151.8333,57.24,100,100,8.05,mist
171,New Norfolk,AU,-42.7826,147.0587,42.3,87,5,2.59,clear sky
172,Ulladulla,AU,-35.35,150.4667,56.3,85,100,4.47,overcast clouds
173,Laguna,US,38.421,-121.4238,73.94,32,0,5.75,clear sky
174,Tshikapa,CD,-6.4167,20.8,79.83,69,99,2.44,overcast clouds
175,Amot,NO,59.5714,7.9877,52.2,67,97,3.13,overcast clouds
176,Saint-Augustin,CA,51.226,-58.6502,50.99,53,100,16.6,overcast clouds
177,Arraial Do Cabo,BR,-22.9661,-42.0278,75.06,64,40,9.22,scattered clouds
178,Havelock,US,34.8791,-76.9013,91.35,75,0,10.36,clear sky
179,Suket,IN,24.65,76.0333,95.49,23,6,18.52,clear sky
180,Skjervoy,NO,70.0311,20.9714,50.0,88,86,5.28,overcast clouds
181,Kasungu,MW,-13.0333,33.4833,66.24,76,54,5.19,broken clouds
182,Hobyo,SO,5.3505,48.5268,81.16,76,78,26.11,broken clouds
183,Colares,PT,38.7992,-9.4469,72.34,68,75,25.01,broken clouds
184,Gritsovskiy,RU,54.1376,38.1604,48.79,70,80,6.51,broken clouds
185,Komsomolskiy,UZ,40.4272,71.7189,77.72,38,75,16.11,broken clouds
186,Constitucion,CL,-35.3333,-72.4167,59.09,54,54,8.5,broken clouds
187,Cayenne,GF,4.9333,-52.3333,84.09,1,75,3.44,broken clouds
188,Gewane,ET,10.1664,40.6453,93.33,12,42,8.79,scattered clouds
189,Kangaba,ML,11.9333,-8.4167,93.99,32,82,2.26,broken clouds
190,Narsaq,GL,60.9167,-46.05,50.22,58,19,8.88,few clouds
191,Peniche,PT,39.3558,-9.3811,78.08,78,54,23.94,broken clouds
192,Davila,PH,18.4726,120.5763,80.29,79,100,4.07,overcast clouds
193,Cidreira,BR,-30.1811,-50.2056,64.22,54,1,4.61,clear sky
194,Beringovskiy,RU,63.05,179.3167,32.94,96,93,7.58,overcast clouds
195,Bathsheba,BB,13.2167,-59.5167,88.41,62,40,20.71,scattered clouds
196,Hot Springs,US,34.5037,-93.0552,86.18,76,40,8.05,scattered clouds
197,Chapais,CA,49.7834,-74.8492,51.58,51,61,10.74,broken clouds
198,Grand Gaube,MU,-20.0064,57.6608,75.6,78,3,5.99,light rain
199,Cockburn Town,TC,21.4612,-71.1419,79.99,83,82,18.23,broken clouds
200,Puerto Penasco,MX,31.3167,-113.5333,71.91,76,0,15.99,clear sky
201,San Alberto,CO,7.7611,-73.3922,84.58,74,41,6.42,scattered clouds
202,Anchorage,US,61.2181,-149.9003,54.91,47,0,4.61,clear sky
203,Mogadishu,SO,2.0371,45.3438,80.06,83,100,17.43,overcast clouds
204,Iquitos,PE,-3.7481,-73.2472,84.24,58,75,2.3,broken clouds
205,Imperia,IT,43.9667,7.7833,81.0,84,11,4.14,few clouds
206,Sakakah,SA,29.9697,40.2064,92.77,14,1,21.94,clear sky
207,Iqaluit,CA,63.7506,-68.5145,31.73,100,100,17.0,light snow
208,Lodja,CD,-3.4833,23.4333,76.44,80,100,0.81,overcast clouds
209,Jinchang,CN,38.4953,102.1739,69.19,20,41,1.57,scattered clouds
210,Burnie,AU,-41.0667,145.9167,47.95,89,4,4.29,clear sky
211,Jumla,NP,29.2747,82.1838,52.84,83,97,4.41,overcast clouds
212,Kupang,ID,-10.1667,123.5833,77.31,82,9,10.07,clear sky
213,Lethem,GY,3.3803,-59.7968,73.38,95,100,5.64,overcast clouds
214,Chokurdakh,RU,70.6333,147.9167,32.43,98,100,2.24,overcast clouds
215,Lebu,CL,-37.6167,-73.65,55.58,78,84,8.41,broken clouds
216,Nyurba,RU,63.2842,118.3319,47.41,81,96,3.22,overcast clouds
217,Jagdalpur,IN,19.0667,82.0333,79.07,67,93,11.14,overcast clouds
218,Blagoyevo,RU,63.3667,47.9167,35.33,71,100,9.42,snow
219,Pueblo Bello,CO,8.2041,-76.526,84.7,62,100,2.66,overcast clouds
220,Bonavista,CA,48.6499,-53.1147,49.48,65,23,8.9,few clouds
221,Fare,PF,-16.7,-151.0167,79.88,72,8,10.11,clear sky
222,Aklavik,CA,68.2191,-135.0107,33.8,86,100,6.91,light snow
223,Te Anau,NZ,-45.4167,167.7167,44.6,93,98,4.81,overcast clouds
224,Mirnyy,RU,62.5353,113.9611,53.24,43,100,1.99,overcast clouds
225,Clyde River,CA,70.4692,-68.5914,23.23,86,100,8.05,overcast clouds
226,Ascension,US,30.2169,-90.9001,92.26,68,40,13.8,scattered clouds
227,Mount Isa,AU,-20.7333,139.5,65.97,59,86,5.75,overcast clouds
228,Camacupa,AO,-12.0167,17.4833,66.04,47,4,2.68,clear sky
229,Guanica,PR,17.9716,-66.908,93.52,65,54,5.99,broken clouds
230,Touros,BR,-5.1989,-35.4608,85.84,62,41,13.49,scattered clouds
231,Miandrivazo,MG,-19.5167,45.4667,76.59,51,4,2.98,clear sky
232,Tlucna,CZ,49.7243,13.2353,69.46,44,75,10.36,broken clouds
233,Canhotinho,BR,-8.8822,-36.1911,74.61,83,63,12.5,broken clouds
234,Geraldton,AU,-28.7667,114.6,57.61,88,40,9.22,scattered clouds
235,Alexandria,EG,31.2156,29.9553,69.28,61,2,14.79,clear sky
236,Prescott,US,34.54,-112.4685,69.28,40,0,8.99,clear sky
237,San Patricio,US,28.017,-97.5169,93.29,38,7,18.57,clear sky
238,Kayerkan,RU,69.3497,87.7602,42.53,100,100,4.83,overcast clouds
239,Hasaki,JP,35.7333,140.8333,59.4,89,100,12.44,light rain
240,Leshukonskoye,RU,64.8989,45.7622,35.89,63,100,8.12,overcast clouds
241,Airai,TL,-8.9266,125.4092,58.28,90,28,3.69,scattered clouds
242,Milkovo,RU,54.7167,158.6167,40.15,94,100,1.7,overcast clouds
243,Shingu,JP,33.7333,135.9833,61.27,89,100,4.09,overcast clouds
244,Elko,US,41.0002,-115.5012,51.64,31,0,8.01,clear sky
245,Port Elizabeth,ZA,-33.918,25.5701,61.32,81,20,4.61,few clouds
246,San Cristobal,VE,7.7669,-72.225,73.58,40,14,10.33,few clouds
247,Sorland,NO,67.667,12.6934,46.26,86,38,8.99,scattered clouds
248,Talnakh,RU,69.4865,88.3972,43.21,99,100,4.18,overcast clouds
249,Mundi,IN,22.0667,76.5,91.78,36,2,21.27,clear sky
250,East London,ZA,-33.0153,27.9116,58.14,94,0,4.61,clear sky
251,Mumford,GH,5.2618,-0.759,77.72,89,100,14.45,heavy intensity rain
252,Sheregesh,RU,52.9209,87.9869,55.56,59,2,4.7,clear sky
253,George,ZA,-33.963,22.4617,56.75,67,0,2.3,clear sky
254,Uusikaupunki,FI,60.8004,21.4084,52.47,53,100,1.83,overcast clouds
255,Bandarbeyla,SO,9.4942,50.8122,80.8,83,93,24.34,overcast clouds
256,Codrington,AU,-38.2667,141.9667,44.47,92,7,7.02,clear sky
257,Maryborough,AU,-25.5333,152.7,64.72,95,100,10.85,overcast clouds
258,Jacqueville,CI,5.2052,-4.4146,77.79,87,100,15.5,moderate rain
259,Looc,PH,12.2605,121.9926,80.53,81,70,4.32,broken clouds
260,Kirkuk,IQ,35.4681,44.3922,81.25,16,79,9.73,broken clouds
261,Charlestown,AU,-32.95,151.6667,57.11,98,89,6.91,overcast clouds
262,Itarema,BR,-2.9248,-39.9167,83.48,73,23,8.95,few clouds
263,Mokshan,RU,53.4365,44.6132,43.86,65,63,3.4,broken clouds
264,Kuhdasht,IR,33.535,47.6061,68.76,16,90,10.4,overcast clouds
265,Pitimbu,BR,-7.4706,-34.8086,86.59,73,58,13.31,broken clouds
266,Ipilan,PH,8.8431,117.9033,80.82,83,100,6.73,overcast clouds
267,Sun Valley,US,39.5963,-119.776,60.04,24,0,4.0,clear sky
268,Rayong,TH,12.8333,101.4333,83.79,94,100,9.98,overcast clouds
269,Pevek,RU,69.7008,170.3133,31.03,88,100,5.3,overcast clouds
270,Fairview,US,40.8126,-73.999,91.78,61,0,4.61,clear sky
271,Akodia,IN,23.3833,76.6,93.76,24,0,18.63,clear sky
272,Pedro Ii,BR,-4.4247,-41.4586,84.34,50,55,1.72,broken clouds
273,Tarata,BO,-17.6167,-66.0167,71.02,15,98,2.42,overcast clouds
274,Beloha,MG,-25.1667,45.05,70.52,57,63,7.58,broken clouds
275,Fukue,JP,32.6881,128.8419,67.06,79,0,10.87,clear sky
276,Cururupu,BR,-1.8283,-44.8683,82.92,74,44,4.16,scattered clouds
277,Rundu,NA,-17.9333,19.7667,56.79,19,1,4.0,clear sky
278,Kalakamati,BW,-20.5929,27.3121,52.9,30,1,7.07,clear sky
279,Lewiston,US,44.1003,-70.2148,67.62,88,100,1.01,overcast clouds
280,Kavaratti,IN,10.5669,72.642,83.3,79,100,18.14,overcast clouds
281,Georgetown,MY,5.4112,100.3354,82.35,88,20,5.01,few clouds
282,Avera,US,33.194,-82.5271,87.55,43,32,6.26,scattered clouds
283,Slave Lake,CA,55.2834,-114.769,40.98,75,0,4.61,clear sky
284,Alpena,US,45.0617,-83.4327,68.11,58,0,3.44,clear sky
285,Bogalusa,US,30.791,-89.8487,89.35,62,75,14.97,broken clouds
286,Zuenoula,CI,7.4292,-6.0431,85.46,64,75,8.08,light rain
287,Bilibino,RU,68.0546,166.4372,38.21,85,100,1.74,overcast clouds
288,Alice Springs,AU,-23.7,133.8833,45.95,61,66,0.0,broken clouds
289,Tampere,FI,61.4991,23.7871,60.17,29,0,8.05,clear sky
290,Svetlogorsk,BY,52.6333,29.7333,54.88,97,100,6.55,overcast clouds
291,Voznesenye,RU,61.0106,35.4781,41.4,61,22,6.22,few clouds
292,Kintampo,GH,8.0563,-1.7306,73.29,85,100,4.41,overcast clouds
293,Pacific Grove,US,36.6177,-121.9166,63.21,83,0,3.44,clear sky
294,Nouakchott,MR,18.0858,-15.9785,76.93,74,43,18.01,scattered clouds
295,Berbera,SO,10.4396,45.0143,92.62,43,73,3.58,broken clouds
296,Palu,ID,-0.8917,119.8707,75.85,99,100,1.79,overcast clouds
297,San Mateo Del Mar,MX,16.2,-95.0,83.84,70,100,18.19,overcast clouds
298,Griffith,US,41.5284,-87.4237,62.53,84,40,13.8,scattered clouds
299,Lavrentiya,RU,65.5833,-171.0,35.33,83,96,7.78,overcast clouds
300,Yashkul,RU,46.1711,45.3435,54.91,88,100,5.06,overcast clouds
301,Nikolskoye,RU,59.7035,30.7861,53.49,47,10,11.77,clear sky
302,Vestmannaeyjar,IS,63.4427,-20.2734,54.59,71,0,6.91,clear sky
303,Berlevag,NO,70.8578,29.0864,41.0,87,100,13.8,light rain
304,Camana,PE,-16.6228,-72.7111,69.94,72,79,10.78,broken clouds
305,Mantua,IT,45.1667,10.7833,87.04,51,34,1.99,scattered clouds
306,Urdoma,RU,61.7533,48.5442,33.35,93,100,8.52,light snow
307,Tromso,NO,69.6496,18.957,48.22,76,75,3.44,broken clouds
308,Broome,US,42.2506,-75.833,88.47,59,4,11.01,clear sky
309,Vanavara,RU,60.34,102.2797,45.25,85,100,10.02,light rain
310,Palembang,ID,-2.9167,104.7458,77.09,94,40,4.61,haze
311,Camacha,PT,33.0833,-16.3333,67.42,64,20,13.8,few clouds
312,La Tuque,CA,47.4334,-72.7824,63.34,98,100,3.53,overcast clouds
313,Bereda,ES,43.2686,-7.5406,80.42,44,100,3.33,overcast clouds
314,Boa Vista,BR,2.8197,-60.6733,75.18,88,100,12.66,heavy intensity rain
315,Najran,SA,17.4924,44.1277,92.05,10,18,4.05,few clouds
316,Saint-Francois,FR,46.4154,3.9054,83.68,54,0,9.22,clear sky
317,Ilulissat,GL,69.2167,-51.1,33.82,80,75,0.0,broken clouds
318,Male,MV,4.1748,73.5089,84.15,84,75,12.66,broken clouds
319,Dingle,PH,10.9995,122.6711,78.22,86,74,2.55,broken clouds
320,Port Hedland,AU,-20.3167,118.5667,73.45,100,18,4.61,few clouds
321,Douglas,US,41.3,-96.167,50.61,66,100,9.22,overcast clouds
322,Coruripe,BR,-10.1256,-36.1756,76.87,85,88,15.14,overcast clouds
323,Eenhana,NA,-17.4667,16.3333,60.76,16,0,5.86,clear sky
324,Goedereede,NL,51.8175,3.9806,66.06,61,87,5.01,overcast clouds
325,Nishihara,JP,26.1842,127.7558,72.68,83,75,5.75,broken clouds
326,Kilrush,IE,52.6397,-9.4833,65.95,72,91,17.56,overcast clouds
327,Arlit,NE,18.7369,7.3853,100.51,12,53,9.89,broken clouds
328,Balikpapan,ID,-1.2675,116.8289,77.99,94,20,0.0,few clouds
329,Atkinson,US,42.8384,-71.147,79.36,75,40,5.01,scattered clouds
330,Simpang,ID,-1.2667,104.0833,74.17,92,48,2.17,scattered clouds
331,Monte Alegre,BR,-2.0078,-54.0692,83.64,63,42,2.57,scattered clouds
332,Alofi,NU,-19.0595,-169.9187,66.09,100,63,1.14,broken clouds
333,Jackson,US,42.4165,-122.8345,55.15,64,0,1.99,clear sky
334,Kahului,US,20.8947,-156.47,76.84,83,0,4.0,clear sky
335,Avondale,US,33.4356,-112.3496,82.87,31,0,0.0,clear sky
336,Batticaloa,LK,7.7102,81.6924,83.14,67,65,10.49,broken clouds
337,Katsuura,JP,35.1333,140.3,60.82,92,100,11.7,light rain
338,Thompson,CA,55.7435,-97.8558,42.96,31,20,13.8,few clouds
339,Tambura,SS,5.6,27.4667,71.31,95,98,5.53,overcast clouds
340,Sao Joao Da Barra,BR,-21.6403,-41.0511,78.89,57,4,8.05,clear sky
341,Meulaboh,ID,4.1363,96.1285,79.02,85,100,2.53,moderate rain
342,Tripoli,LY,32.8752,13.1875,71.74,43,0,12.3,clear sky
343,Jagannathpur,IN,22.2333,85.65,89.67,38,79,13.51,broken clouds
344,Neiafu,TO,-18.65,-173.9833,68.68,100,20,0.0,few clouds
345,Vuktyl,RU,63.8567,57.3094,40.12,76,100,8.41,overcast clouds
346,Zhezkazgan,KZ,47.8043,67.7144,55.13,65,67,13.94,broken clouds
347,Sitka,US,57.0531,-135.33,51.69,66,0,4.61,clear sky
348,Neyshabur,IR,36.2133,58.7958,60.96,59,66,5.41,light rain
349,Synya,RU,65.3718,58.0387,37.89,71,100,11.03,overcast clouds
350,Rochegda,RU,62.8,43.25,40.55,52,100,6.26,overcast clouds
351,Xinzhou,CN,38.4092,112.7333,63.97,45,19,2.28,few clouds
352,Tahe,CN,52.3333,124.7333,42.37,68,52,1.77,broken clouds
353,Buchanan,LR,5.8808,-10.0467,79.23,84,100,10.78,light rain
354,Lakatoro,VU,-16.0999,167.4164,77.04,87,13,2.84,few clouds
355,Bermejo,AR,-32.8833,-68.8,64.31,32,0,2.3,clear sky
356,Kavieng,PG,-2.5744,150.7967,82.27,74,93,12.84,overcast clouds
357,Lompoc,US,34.6391,-120.4579,68.68,67,0,1.01,clear sky
358,Ariquemes,BR,-9.9133,-63.0408,85.32,43,51,0.22,broken clouds
359,Znamenskoye,RU,57.1281,73.8282,58.64,87,100,11.23,overcast clouds
360,Makakilo City,US,21.3469,-158.0858,73.98,87,100,3.44,overcast clouds
361,Prachuap Khiri Khan,TH,12.2167,99.75,75.58,88,100,6.15,light rain
362,Kropotkin,RU,45.4375,40.5756,57.78,58,94,18.81,overcast clouds
363,Morehead,US,37.2711,-87.1764,85.95,64,0,12.66,clear sky
364,Luanda,AO,-8.8368,13.2343,75.2,83,20,9.22,few clouds
365,Visby,SE,57.6409,18.296,46.62,93,75,13.8,light rain
366,Sistranda,NO,63.7256,8.834,49.96,87,100,8.99,light rain
367,San Andres,CO,12.5847,-81.7006,84.22,84,40,6.91,scattered clouds
368,Villa Maria,AR,-32.4075,-63.2402,64.81,43,76,6.62,broken clouds
369,Vostok,RU,46.4856,135.8833,49.6,98,100,1.66,overcast clouds
370,Santa Maria,BR,-29.6842,-53.8069,65.5,59,40,4.61,scattered clouds
371,Baghdad,IQ,33.3406,44.4009,87.71,11,82,3.44,broken clouds
372,Gat,IL,31.61,34.7642,80.4,34,100,7.83,overcast clouds
373,Bayreuth,DE,49.9481,11.5783,66.2,55,75,11.99,broken clouds
374,Santa Fe,AR,-31.6333,-60.7,71.02,59,100,3.0,light rain
375,Riyadh,SA,24.6877,46.7219,104.14,8,0,11.77,clear sky
376,Porto Walter,BR,-8.2686,-72.7439,87.44,48,2,2.82,clear sky
377,Almaznyy,RU,48.0448,40.045,55.96,92,100,21.52,overcast clouds
378,Aswan,EG,24.0934,32.907,92.57,17,0,20.56,clear sky
379,Vila Franca Do Campo,PT,37.7167,-25.4333,66.61,94,99,5.86,light rain
380,Masallatah,LY,32.6167,14.0,69.6,37,0,11.07,clear sky
381,Fatezh,RU,52.0891,35.8632,55.38,98,100,11.48,overcast clouds
382,Namatanai,PG,-3.6667,152.4333,79.81,80,95,7.47,overcast clouds
383,Weinfelden,CH,47.5667,9.1,76.26,63,49,4.12,scattered clouds
384,Sulecin,PL,52.4443,15.1168,64.31,70,31,15.17,scattered clouds
385,Kaitong,CN,44.8135,123.15,61.9,44,34,6.38,scattered clouds
386,Nouadhibou,MR,20.931,-17.0347,73.38,64,4,19.57,sand
387,Mendi,PG,-6.1761,143.6513,54.48,97,88,2.75,overcast clouds
388,Abu Zabad,SD,12.35,29.25,95.7,18,100,5.03,overcast clouds
389,Urumqi,CN,43.801,87.6005,76.15,19,0,6.71,clear sky
390,Smidovich,RU,48.6,133.8167,48.76,91,100,8.1,heavy intensity rain
391,Redondo,PT,38.6487,-7.5471,87.53,26,99,16.13,overcast clouds
392,Tirlyanskiy,RU,54.2109,58.5806,34.79,98,98,8.3,light snow
393,Olafsvik,IS,64.8945,-23.7142,45.09,82,69,19.64,broken clouds
394,Kaihua,CN,23.3687,104.28,61.81,99,100,2.01,light rain
395,Dong Hoi,VN,17.4833,106.6,75.96,95,100,4.03,overcast clouds
396,Srikakulam,IN,18.3,83.9,86.56,73,100,8.34,overcast clouds
397,Fairbanks,US,64.8378,-147.7164,56.91,50,0,3.44,clear sky
398,Hami,CN,42.8,93.45,80.33,18,7,16.44,clear sky
399,Tutoia,BR,-2.7619,-42.2744,84.47,67,62,2.84,broken clouds
400,Panalingaan,PH,8.7842,117.4231,79.38,87,92,5.97,overcast clouds
401,Chibombo,ZM,-14.6569,28.0706,68.0,44,11,4.36,few clouds
402,Los Banos,PH,14.1667,121.1833,79.29,87,95,2.24,overcast clouds
403,Tougue,GN,11.4667,-11.6,76.3,67,97,0.43,light rain
404,Sao Filipe,CV,14.8961,-24.4956,72.79,78,58,12.71,broken clouds
405,Kwinana,AU,-32.25,115.7667,59.23,67,0,7.52,clear sky
406,Urengoy,RU,65.9667,78.3667,37.99,80,50,4.83,scattered clouds
407,San Francisco Del Mar,MX,16.2333,-94.65,86.56,62,99,13.29,overcast clouds
408,Pangnirtung,CA,66.1451,-65.7125,33.8,75,75,3.44,broken clouds
409,Harper,LR,4.375,-7.7169,79.84,75,100,11.5,light rain
410,Toora-Khem,RU,52.4675,96.11,52.07,56,70,2.64,broken clouds
411,Asau,RO,46.4333,26.4,79.72,68,84,8.01,broken clouds
412,Poum,NC,-20.2333,164.0167,77.29,82,42,7.99,scattered clouds
413,Port Blair,IN,11.6667,92.75,84.24,84,75,8.05,mist
414,Kenai,US,60.5544,-151.2583,50.05,56,0,8.05,clear sky
415,Ankang,CN,32.68,109.0172,66.65,75,100,1.9,light rain
416,Atbasar,KZ,51.8,68.3333,56.84,70,68,8.86,broken clouds
417,Senneterre,CA,48.3835,-77.2328,64.63,53,90,5.88,overcast clouds
418,Mecca,SA,21.4267,39.8261,94.77,18,3,2.91,clear sky
419,Mezen,RU,65.8522,44.24,33.22,60,68,10.02,broken clouds
420,Kinablangan,PH,7.6947,126.5503,78.19,87,100,3.4,heavy intensity rain
421,Cascais,PT,38.6979,-9.4215,72.52,69,75,25.01,broken clouds
422,Bousso,TD,10.4795,16.7117,91.63,38,100,6.71,overcast clouds
423,Partizanskoye,RU,55.5006,94.39,58.66,48,92,5.99,overcast clouds
424,Taldan,RU,53.6667,124.8,41.04,68,97,2.86,overcast clouds
425,Alta Floresta,BR,-9.8756,-56.0861,87.62,33,0,4.61,clear sky
426,Hit,IQ,33.6416,42.8251,84.51,6,100,10.13,overcast clouds
427,Dogbo,BJ,6.8167,1.7833,81.52,74,99,6.42,overcast clouds
428,Blagoveshchenka,RU,52.8333,79.8667,69.93,40,29,13.27,scattered clouds
429,Vallenar,CL,-28.5708,-70.7581,77.5,21,73,4.94,broken clouds
430,Waipawa,NZ,-41.4122,175.5153,46.8,86,99,3.98,overcast clouds
431,Zenzeli,RU,45.9241,47.0474,54.32,90,100,4.94,light rain
432,Liverpool,GB,53.4106,-2.9779,66.78,57,75,11.5,broken clouds
433,Faizpur,IN,21.1667,75.85,89.06,39,1,18.54,clear sky
434,Brownsville,US,25.9018,-97.4975,92.08,67,20,23.02,few clouds
435,Zabol,AF,32.25,67.25,69.33,9,0,6.64,clear sky
436,Dzhebariki-Khaya,RU,62.2167,135.8,37.71,94,100,2.77,overcast clouds
437,Jacmel,HT,18.2342,-72.5347,91.24,64,73,6.85,broken clouds
438,Qianan,CN,44.9932,124.0581,60.35,51,59,8.95,broken clouds
439,Barranca,PE,-10.75,-77.7667,68.31,75,66,8.95,broken clouds
440,Carros,FR,43.7894,7.184,84.31,78,20,11.5,few clouds
441,Machali,CL,-34.1833,-70.6667,54.68,71,3,0.0,clear sky
442,Haimen,CN,23.1935,116.6142,73.29,89,87,14.16,overcast clouds
443,Coromandel,BR,-18.4733,-47.2003,72.64,25,0,4.9,clear sky
444,Husavik,IS,66.0449,-17.3389,46.13,89,100,12.1,overcast clouds
445,Kangaatsiaq,GL,68.3065,-53.4641,31.8,88,100,13.0,overcast clouds
446,Alanya,TR,36.5438,31.9998,75.33,54,0,5.06,clear sky
447,Kohat,PK,33.582,71.4493,87.87,28,3,3.78,clear sky
448,Ipatovo,RU,45.7181,42.9036,59.45,61,96,17.0,overcast clouds
449,Galveston,US,29.3669,-94.9669,92.03,81,100,16.11,overcast clouds
450,Cabo San Lucas,MX,22.8909,-109.9124,84.61,58,0,5.75,clear sky
451,Namibe,AO,-15.1961,12.1522,77.63,47,0,13.8,clear sky
452,Rengali,IN,21.6333,84.05,88.07,40,65,11.83,broken clouds
453,Pahrump,US,36.2083,-115.9839,72.25,11,5,1.99,clear sky
454,Hirara,JP,24.8,125.2833,75.96,75,35,12.57,scattered clouds
455,Linhares,BR,-19.3911,-40.0722,79.83,41,11,6.11,few clouds
456,Bima,ID,-8.4667,118.7167,73.35,92,7,2.59,clear sky
457,Marzuq,YE,14.4,46.4667,81.16,27,68,5.79,broken clouds
458,Tessalit,ML,20.1986,1.0114,100.4,11,85,11.18,overcast clouds
459,Turukhansk,RU,65.8167,87.9833,52.83,76,100,2.89,overcast clouds
460,Muroto,JP,33.2833,134.15,64.02,80,41,6.62,scattered clouds
461,La Palma,US,33.8464,-118.0467,68.27,69,75,6.91,broken clouds
462,Booue,GA,-0.0921,11.9385,76.24,90,100,0.72,overcast clouds
463,Santa Lucia,ES,27.9117,-15.5407,67.77,53,20,28.77,few clouds
464,Torbay,CA,47.6666,-52.7314,63.37,31,20,5.75,few clouds
465,Sur,OM,22.5667,59.5289,91.56,53,2,11.72,clear sky
466,Rockland,US,41.1668,-74.0496,93.0,66,65,7.45,broken clouds
467,Domoni,KM,-12.2569,44.5319,79.02,81,66,5.75,broken clouds
468,Tadine,NC,-21.55,167.8833,75.06,91,92,24.38,overcast clouds
469,Gizo,SB,-8.103,156.8419,81.72,76,12,6.93,few clouds
470,Mnogovershinnyy,RU,53.9353,139.9242,29.98,99,100,5.48,snow
471,Panacan,PH,9.2463,118.4082,81.07,83,100,6.53,overcast clouds
472,Gawler,AU,-34.6,138.7333,58.24,82,17,8.52,few clouds
473,Kloulklubed,PW,7.0419,134.2556,75.7,75,82,7.36,broken clouds
474,Makat,KZ,47.6469,53.3463,54.77,36,50,12.91,scattered clouds
475,Sept-Iles,CA,50.2001,-66.3821,46.92,89,100,6.91,overcast clouds
476,Belaya Gora,RU,68.5333,146.4167,42.22,85,63,1.59,broken clouds
477,Neuquen,AR,-38.9516,-68.0591,62.49,29,0,6.91,clear sky
478,Aborlan,PH,9.4352,118.5492,79.79,86,97,4.38,light rain
479,Qurayyat,SA,31.3318,37.3428,93.38,10,82,13.8,dust
480,Altamont,US,42.2068,-121.7372,52.77,49,0,3.0,clear sky
481,Kiruna,SE,67.8557,20.2251,54.52,54,100,4.61,overcast clouds
482,Jejuri,IN,18.2833,74.1667,74.71,70,6,16.89,clear sky
483,Penzance,GB,50.1186,-5.5371,59.68,88,20,10.36,few clouds
484,Sangin,AF,32.0728,64.8359,82.33,6,0,1.54,clear sky
485,Zunyi,CN,27.6867,106.9072,59.83,93,100,4.03,overcast clouds
486,Pangody,RU,65.85,74.4859,33.26,97,100,11.39,overcast clouds
487,Vanimo,PG,-2.6741,141.3028,77.27,91,93,4.94,overcast clouds
488,Kirakira,SB,-10.4544,161.9205,79.48,86,87,1.61,overcast clouds
489,Sao Paulo De Olivenca,BR,-3.3783,-68.8725,77.74,78,89,1.92,overcast clouds
490,The Valley,AI,18.217,-63.0578,87.66,65,20,12.66,few clouds
491,Sao Desiderio,BR,-12.3633,-44.9733,92.71,22,7,2.08,clear sky
492,San Juan,AR,-31.5375,-68.5364,64.72,23,0,3.24,clear sky
493,Beitbridge,ZW,-22.2167,30.0,68.79,63,66,7.05,broken clouds
494,Ryotsu,JP,38.0833,138.4333,60.6,85,99,4.61,overcast clouds
495,Wuwei,CN,37.9281,102.6414,65.84,23,67,4.63,broken clouds
496,Makaha,US,21.4694,-158.2175,75.36,88,100,0.0,overcast clouds
497,Yavatmal,IN,20.4,78.1333,95.74,20,3,15.88,clear sky
498,Erdaojiang,CN,41.7764,126.0319,53.06,94,95,3.44,moderate rain
499,Leh,IN,34.1667,77.5833,48.51,34,10,7.14,clear sky
500,Quatre Cocos,MU,-20.2078,57.7625,75.31,72,15,16.28,few clouds
501,Hokitika,NZ,-42.7167,170.9667,51.73,80,100,12.68,overcast clouds
502,Souillac,MU,-20.5167,57.5167,75.58,78,40,11.5,scattered clouds
503,Mocuba,MZ,-16.8392,36.9856,71.85,69,10,4.99,clear sky
504,Prince Rupert,CA,54.3161,-130.3201,50.09,90,0,3.44,clear sky
505,Nola,IT,40.922,14.5329,76.32,63,3,5.99,clear sky
506,Dzaoudzi,YT,-12.7887,45.2699,78.69,83,0,4.61,clear sky
507,Rapid Valley,US,44.0625,-103.1463,46.72,57,100,13.8,overcast clouds
508,Agulu,NG,6.11,7.0724,80.74,78,98,4.74,overcast clouds
509,Lishu,CN,43.3047,124.3278,59.31,54,38,10.96,scattered clouds
510,Kendari,ID,-3.945,122.4989,74.71,93,92,2.33,overcast clouds
511,Yacuiba,BO,-22.038,-63.6797,71.67,41,97,5.41,overcast clouds
512,Omsukchan,RU,62.5333,155.8,28.9,96,99,5.86,overcast clouds
513,San Javier,ES,37.8063,-0.8374,86.49,70,0,12.66,clear sky
514,Ust-Kuyga,RU,70.0167,135.6,30.87,81,98,2.42,overcast clouds
515,Pochutla,MX,15.7432,-96.4661,87.82,37,95,11.05,overcast clouds
516,Havoysund,NO,70.9963,24.6622,44.83,82,87,1.74,overcast clouds
517,Harlingen,US,26.1906,-97.6961,92.05,73,0,20.71,clear sky
518,Walvis Bay,NA,-22.9575,14.5053,60.1,60,2,18.12,clear sky
519,Tucupita,VE,9.0622,-62.051,87.6,49,81,7.63,broken clouds
520,Saint-Pierre,RE,-21.3393,55.4781,74.88,73,0,9.22,clear sky
521,Tokur,RU,53.1333,132.9,30.02,97,96,4.85,overcast clouds
522,Banda Aceh,ID,5.5577,95.3222,80.82,82,99,13.62,overcast clouds
523,Lieto,FI,60.5103,22.4618,62.19,33,0,10.36,clear sky
524,Matsuura,JP,33.3271,129.721,59.92,75,0,3.87,clear sky
525,Santa Cruz,BO,-17.8,-63.1667,78.26,44,75,20.71,broken clouds
526,Tiksi,RU,71.6872,128.8694,29.07,91,97,3.22,overcast clouds
527,Bemidji,US,47.4736,-94.8803,44.06,67,100,13.8,overcast clouds
528,Noshiro,JP,40.2039,140.0242,59.9,64,81,3.44,broken clouds
529,Glenwood Springs,US,39.5505,-107.3248,45.41,80,100,0.0,overcast clouds
530,Chimore,BO,-16.9833,-65.1333,79.03,47,78,4.56,broken clouds
531,San Rafael,AR,-34.6177,-68.3301,65.23,21,25,9.53,scattered clouds
532,Loksa,EE,59.5764,25.7214,48.11,57,100,19.51,overcast clouds
533,Celestun,MX,20.8667,-90.4,91.06,57,40,4.94,scattered clouds
534,Athens,GR,37.9795,23.7162,80.15,38,0,8.01,clear sky
535,Yabelo,ET,4.8833,38.0833,61.72,78,99,5.37,overcast clouds
536,Christchurch,NZ,-43.5333,172.6333,39.94,84,54,5.75,broken clouds
537,Roebourne,AU,-20.7833,117.1333,76.98,75,15,4.79,light rain
538,Suarez,CO,2.954,-76.6964,82.74,60,46,2.15,scattered clouds
539,Medzilaborce,SK,49.2719,21.9007,69.44,63,37,12.91,scattered clouds
540,Lampazos De Naranjo,MX,27.0167,-100.5167,96.22,32,0,5.82,clear sky
541,Kununurra,AU,-15.7667,128.7333,76.98,36,28,9.22,scattered clouds
542,Florida Ridge,US,27.5803,-80.3867,89.94,74,75,18.41,broken clouds
543,Hofn,IS,64.2539,-15.2082,49.95,80,97,9.69,overcast clouds
544,Galesong,ID,-5.3166,119.3661,75.22,81,67,6.2,broken clouds
545,Yinchuan,CN,38.4681,106.2731,71.13,40,32,10.56,scattered clouds
546,Ardakan,IR,32.31,54.0175,85.23,12,15,22.53,few clouds
547,Lengshuitan,CN,26.4111,111.5956,68.13,85,100,0.29,overcast clouds
548,Zhigansk,RU,66.7697,123.3711,36.18,85,96,5.21,overcast clouds
549,San Cosme Y Damian,PY,-27.3167,-56.35,68.18,55,14,3.22,few clouds
550,Buin,CL,-33.7333,-70.75,71.87,26,4,1.97,clear sky
551,Gigmoto,PH,13.7796,124.39,80.82,86,96,8.61,overcast clouds
552,Iracoubo,GF,5.4802,-53.2011,78.55,89,96,13.04,moderate rain
553,Taltal,CL,-25.4,-70.4833,65.68,68,31,7.52,scattered clouds
554,Hambantota,LK,6.1241,81.1185,80.56,83,76,16.22,broken clouds
555,Mubi,NG,10.2676,13.2644,86.34,43,82,9.01,broken clouds
556,Havre,FR,49.5833,0.3333,68.34,59,25,9.22,scattered clouds
557,Marsa Matruh,EG,31.3525,27.2453,66.33,62,0,13.51,clear sky
558,Rio Grande,BR,-32.035,-52.0986,69.91,54,69,5.88,broken clouds
559,Nandura,IN,20.8333,76.45,91.71,31,1,21.41,clear sky
560,Pingliang,CN,35.5392,106.6861,58.37,67,100,4.65,overcast clouds
561,Challans,FR,46.8436,-1.8749,83.32,48,52,7.87,broken clouds
562,Portland,US,45.5234,-122.6762,59.5,74,20,5.01,few clouds
563,Honiara,SB,-9.4333,159.95,77.88,84,45,1.36,scattered clouds
564,Juneau,US,58.3019,-134.4197,61.11,70,0,0.0,clear sky
565,Shaoyang,CN,27.2315,111.4525,67.73,81,99,1.68,light rain
566,Salinas,US,36.6777,-121.6555,61.97,70,40,3.44,haze
567,Comodoro Rivadavia,AR,-45.8667,-67.5,55.26,41,0,10.36,clear sky
568,Dengfeng,CN,34.4553,113.0281,68.72,59,100,4.79,overcast clouds
569,Isangel,VU,-19.55,169.2667,77.94,90,94,17.69,overcast clouds
570,Zhuanghe,CN,39.7008,122.9911,55.87,95,50,6.6,scattered clouds
571,Manubul,PH,5.4732,120.7986,83.82,72,59,6.08,broken clouds
572,Awbari,LY,26.5921,12.7805,84.99,16,0,13.31,clear sky
573,Trapani,IT,37.8333,12.6667,76.28,73,0,12.66,clear sky
574,Buturlinovka,RU,50.8239,40.6092,48.87,83,99,9.89,overcast clouds
575,Teya,RU,60.3778,92.6267,43.56,88,91,6.51,overcast clouds
576,Hualmay,PE,-11.0964,-77.6139,69.62,74,41,8.59,scattered clouds
577,Belonia,IN,23.2528,91.4514,78.55,92,100,7.83,overcast clouds
578,Cap Malheureux,MU,-19.9842,57.6142,73.47,77,2,5.99,clear sky
579,Lasa,IT,46.6166,10.7002,76.37,44,62,5.7,broken clouds
580,Grand-Santi,GF,4.25,-54.3833,78.44,95,99,1.68,overcast clouds
581,Maldonado,UY,-34.6667,-54.9167,63.79,56,98,9.95,overcast clouds
582,Xuanzhou,CN,30.9525,118.7553,65.82,73,100,6.11,overcast clouds
583,Shenzhen,CN,22.5455,114.0683,81.07,91,94,6.55,overcast clouds
584,Lensk,RU,60.7253,114.9278,47.91,64,100,2.46,overcast clouds
585,Lake Havasu City,US,34.4839,-114.3224,81.0,27,0,4.61,clear sky
586,Bulalacao,PH,12.3254,121.3435,82.08,77,82,4.29,broken clouds
587,Simbahan,PH,6.3032,120.5836,83.07,74,63,8.86,broken clouds
588,Russell,US,32.3502,-85.1999,87.91,58,0,6.91,clear sky
589,Oyama,JP,36.3,139.8,64.58,78,100,3.11,light rain
590,Samarai,PG,-10.6167,150.6667,80.94,78,43,5.64,scattered clouds
591,Qaqortoq,GL,60.7167,-46.0333,40.41,74,16,7.07,few clouds
592,Fortuna,US,40.5982,-124.1573,57.92,81,40,1.01,scattered clouds
593,Raton,US,36.9034,-104.4391,38.05,72,100,13.8,overcast clouds
594,Roma,US,43.2128,-75.4557,88.68,54,75,9.22,broken clouds
595,Tiznit,MA,29.5833,-9.5,74.82,50,28,7.78,scattered clouds
596,Faya,SA,18.3851,42.4509,80.71,29,54,4.07,broken clouds
597,Muddebihal,IN,16.3333,76.1333,76.75,74,43,21.9,scattered clouds
598,Anadyr,RU,64.75,177.4833,30.7,92,90,6.71,fog
599,Yabrud,SY,33.9674,36.6574,69.93,20,100,6.2,overcast clouds
600,Canon City,US,38.441,-105.2424,38.62,92,100,5.75,light snow
601,Port Lincoln,AU,-34.7333,135.8667,58.86,82,0,12.46,clear sky
602,Nizwa,OM,22.9333,57.5333,95.74,9,3,3.0,clear sky
603,Santa Isabel,BR,-23.3156,-46.2214,67.3,44,1,3.18,clear sky
604,Paso De Los Toros,UY,-32.8167,-56.5167,61.25,61,100,6.22,light rain
605,Monchegorsk,RU,67.9397,32.8739,42.31,68,100,10.92,overcast clouds
606,Plattsburgh,US,44.6995,-73.4529,89.29,68,0,17.27,clear sky
607,Annau,TM,37.8876,58.516,65.7,48,75,9.22,broken clouds
608,Zeya,RU,53.75,127.2667,42.84,62,61,4.34,broken clouds
609,Kiama,AU,-34.6833,150.8667,64.0,95,100,1.99,overcast clouds
610,Concordia,AR,-31.393,-58.0209,66.27,64,0,5.99,clear sky
611,Iskateley,RU,67.6803,53.1512,28.26,85,100,10.89,overcast clouds
612,Monrovia,LR,6.3005,-10.7969,79.77,82,99,12.44,light rain
613,Buala,SB,-8.145,159.5921,79.16,82,77,4.09,broken clouds
614,Kirriemuir,GB,56.674,-3.0034,58.24,84,98,12.28,light rain
615,Bosaso,SO,11.2842,49.1816,88.21,44,86,2.89,overcast clouds
616,Martapura,ID,-3.4167,114.85,77.09,100,75,1.14,broken clouds
617,Narrabri,AU,-30.3167,149.7833,55.53,87,94,4.0,light rain
618,Banjar,ID,-8.19,114.9675,76.68,88,10,3.83,clear sky
619,Alberdi,AR,-32.8899,-60.6906,67.91,56,0,5.75,clear sky
620,Moron,AR,-34.6534,-58.6198,69.94,50,4,4.25,clear sky
621,Kulhudhuffushi,MV,6.6221,73.07,83.35,79,70,15.32,broken clouds
622,Kualakapuas,ID,-3.0091,114.3876,74.23,98,100,1.79,overcast clouds
623,Homer,US,59.6425,-151.5483,53.04,57,0,5.99,clear sky
624,Labuhan,ID,-6.8844,112.2051,79.34,83,98,6.53,overcast clouds
625,Khuzdar,PK,27.7384,66.6434,84.74,8,0,16.31,clear sky
626,Oranjemund,NA,-28.55,16.4333,55.13,84,10,13.87,clear sky
627,Sladkovicovo,SK,48.2014,17.6385,77.95,53,76,11.99,broken clouds
628,Barinas,VE,8.6226,-70.2075,93.63,36,1,9.51,clear sky
629,Haines Junction,CA,60.7522,-137.5108,49.46,50,6,2.82,clear sky
630,Solnechnyy,RU,50.7214,136.6319,39.81,96,100,8.28,overcast clouds
631,Savannah Bight,HN,16.45,-85.85,82.04,84,85,26.8,overcast clouds
632,Bang Len,TH,14.0219,100.1718,80.55,93,100,8.03,overcast clouds
633,Tucumcari,US,35.1717,-103.725,53.44,37,0,16.11,clear sky
634,Bara,NG,10.3744,10.7288,97.27,28,52,10.09,broken clouds
635,Tahta,EG,26.7693,31.5021,84.04,16,94,13.27,overcast clouds
636,Kruisfontein,ZA,-34.0033,24.7314,56.88,82,22,3.74,few clouds
637,Gorontalo,ID,0.5412,123.0595,75.88,95,100,1.03,moderate rain
638,Seoul,KR,37.5683,126.9778,61.99,85,75,5.75,mist
639,Progreso,MX,21.2833,-89.6667,94.1,53,63,12.1,broken clouds
640,Dahuk,IQ,36.8695,42.994,72.9,27,10,2.46,clear sky
641,Rosarito,MX,32.3333,-117.0333,63.52,69,85,11.74,overcast clouds
642,Half Moon Bay,US,37.4636,-122.4286,73.9,64,0,8.05,mist
643,Wicklow,IE,53.0,-6.4167,58.08,73,88,12.5,overcast clouds
644,Deputatskiy,RU,69.3,139.9,27.91,92,99,0.45,overcast clouds
645,Okha,RU,53.5739,142.9478,32.4,100,100,11.43,snow
646,Aquin,HT,18.2833,-73.4,83.95,68,84,7.83,broken clouds
647,Smiltene,LV,57.4244,25.9016,53.55,96,100,8.88,overcast clouds
648,Doha,QA,25.2867,51.5333,100.38,18,0,16.11,clear sky
649,Shambu,ET,9.5667,37.1,60.19,52,76,3.78,broken clouds
650,La Cruz,MX,23.9167,-106.9,82.26,51,0,6.87,clear sky
651,Gambiran,ID,-6.7988,111.4951,75.56,88,99,3.76,light rain
652,Rio Cuarto,AR,-33.1307,-64.3499,70.66,28,0,2.3,clear sky
653,Ulaangom,MN,49.9811,92.0667,59.94,35,23,1.61,few clouds
654,Aripuana,BR,-9.1667,-60.6333,88.47,38,6,1.03,clear sky
655,Sogne,NO,58.0833,7.8167,60.66,66,59,12.26,broken clouds
656,Wuchang,CN,44.9143,127.15,54.7,58,62,3.87,broken clouds
657,Jalalpur,PK,32.6374,74.2183,85.87,28,40,6.91,haze
658,Aqtobe,KZ,50.2797,57.2072,44.69,76,75,17.9,broken clouds
659,Danli,HN,14.0333,-86.5833,82.13,55,100,4.14,overcast clouds
660,Xuddur,SO,4.1213,43.8894,81.91,52,100,11.39,overcast clouds
661,Erfurt,DE,50.9833,11.0333,66.76,55,0,11.5,clear sky
662,Coahuayana,MX,18.7333,-103.6833,88.25,50,6,7.18,clear sky
663,Igrim,RU,63.1906,64.4162,37.35,93,100,9.17,overcast clouds
664,Qarchi Gak,AF,37.04,66.7889,80.17,29,0,29.59,clear sky
665,Lorengau,PG,-2.0226,147.2712,81.45,80,100,6.91,overcast clouds
666,Ellensburg,US,46.9965,-120.5479,57.94,67,100,3.0,overcast clouds
667,Batagay-Alyta,RU,67.8006,130.4114,25.43,94,42,4.09,scattered clouds
668,Burgeo,CA,47.6167,-57.6152,52.32,67,22,8.34,few clouds
669,Kudat,MY,6.8837,116.8477,78.73,94,20,0.0,few clouds
670,Westport,US,41.1415,-73.3579,88.18,59,100,1.01,overcast clouds
671,Barra Patuca,HN,15.8,-84.2833,81.52,84,100,15.37,overcast clouds
672,Moranbah,AU,-22.0016,148.0466,60.84,91,97,17.81,overcast clouds
